<?xml version="1.0" encoding="UTF-8" standalone="yes"?>
<features xmlns="http://karaf.apache.org/xmlns/features/v1.6.0" name="org.openhab.binding.pirf-3.1.0-SNAPSHOT">
    <feature version="0.0.0">
        <feature>openhab-runtime-base</feature>
        <feature>wrap</feature>
        <bundle>mvn:com.pi4j/pi4j-core/1.2</bundle>
        <bundle>mvn:org.openhab.addons.bundles/org.openhab.binding.pirf/3.1.0-SNAPSHOT</bundle>
        <bundle>wrap:mvn:org.lastnpe.eea/eea-all/2.2.1</bundle>
    </feature>
</features>
