<?xml version="1.0" encoding="UTF-8"?>
<thing:thing-descriptions bindingId="pirf"
	xmlns:xsi="http://www.w3.org/2001/XMLSchema-instance"
	xmlns:thing="https://openhab.org/schemas/thing-description/v1.0.0"
	xsi:schemaLocation="https://openhab.org/schemas/thing-description/v1.0.0 https://openhab.org/schemas/thing-description-1.0.0.xsd">

	<!-- RF Switch Channel Type -->
	<channel-type id="switch">
		<item-type>Switch</item-type>
		<label>On/Off Switch Channel</label>
		<description>On/Off Switch channel for PiRF Binding</description>
		<config-description>
			<parameter name="oncode" type="integer" required="true">
				<label>ON Code (Decimal)</label>
				<description>This code turns the device on.</description>
			</parameter>
			<parameter name="offcode" type="integer" required="true">
				<label>OFF Code (Decimal)</label>
				<description>This code turns the device off.</description>
			</parameter>
			<tags>
				<tag>Switchable</tag>
			</tags>
		</config-description>
	</channel-type>

	<!-- RF Group Channel Type -->
	<channel-type id="group">
		<item-type>Switch</item-type>
		<label>Group Switch Channel</label>
		<description>Switch is part of a group</description>
		<config-description>
			<parameter name="deviceaddress" type="integer" required="true">
				<label>Device Address (Decimal)</label>
				<description>The address of a device. Mostly found inside the device.</description>
			</parameter>
			<tags>
				<tag>Switchable</tag>
			</tags>
		</config-description>
	</channel-type>

	<!-- Unitec Channel Type -->
	<channel-type id="unitec">
		<item-type>Switch</item-type>
		<label>A single Unitec switch.</label>
		<description>This represents one Unitec plug. It needs all 4 codes for ON and OFF, which can be captured.</description>
		<config-description>
			<parameter name="uniteccodeson" type="text" required="true">
				<label>Control codes ON</label>
				<description>The 4 control codes at ON. Enter as decimal and comma seperated.</description>
			</parameter>
			<parameter name="uniteccodesoff" type="text" required="true">
				<label>Control codes OFF</label>
				<description>The 4 control codes at OFF. Enter comma seperated.</description>
			</parameter>
			<tags>
				<tag>Switchable</tag>
			</tags>
		</config-description>
	</channel-type>

</thing:thing-descriptions>
