<?xml version="1.0" encoding="UTF-8"?>
<thing:thing-descriptions bindingId="pirf"
	xmlns:xsi="http://www.w3.org/2001/XMLSchema-instance"
	xmlns:thing="https://openhab.org/schemas/thing-description/v1.0.0"
	xsi:schemaLocation="https://openhab.org/schemas/thing-description/v1.0.0 https://openhab.org/schemas/thing-description-1.0.0.xsd">

	<!-- Generic RF Switch Thing Type -->
	<thing-type id="genericswitch" extensible="switch">
		<label>Generic Switch</label>
		<description>Any switch or connector strip which is controlled by simple numeric ON/OFF Codes.</description>
		<config-description>
			<parameter name="pin" type="integer" required="true">
				<label>GPIO Pin</label>
				<default>17</default>
				<description>The Pin which connects to the transmitter.</description>
			</parameter>
			<parameter name="protocol" type="integer" required="true">
				<label>Protocol</label>
				<default>1</default>
				<description>This is the used protocol.</description>
				<options>
					<option value="1">1</option>
					<option value="2">2</option>
					<option value="3">3</option>
					<option value="4">4</option>
					<option value="5">5</option>
					<option value="6">6</option>
					<option value="7">7</option>
				</options>
			</parameter>
			<parameter name="pulslength" type="integer" required="false">
				<label>Pulslength</label>
				<description>This is the used pulslength in microseconds.</description>
				<advanced>true</advanced>
			</parameter>
		</config-description>
	</thing-type>

	<!-- Group RF Switch Thing Type -->
	<thing-type id="groupswitch" extensible="group">
		<label>Switch Group</label>
		<description>A group of switches which have a setable group and device address.</description>
		<config-description>
			<parameter name="pin" type="integer" required="true">
				<label>GPIO Pin</label>
				<default>17</default>
				<description>The Pin which connects to the transmitter.</description>
			</parameter>
			<parameter name="groupcode" type="integer" required="true">
				<label>Group Code (Decimal)</label>
				<description>The code of the switch group. Mostly found inside the remote.</description>
			</parameter>
		</config-description>
	</thing-type>

	<!-- Unitec Switch Thing Type -->
	<thing-type id="unitecswitch" extensible="unitec">
		<label>Unitec Switch</label>
		<description>Implements the proprietary pseudo rolling code for Unitec remote controlled plugs.</description>
		<config-description>
			<parameter name="pin" type="integer" required="true">
				<label>GPIO Pin</label>
				<default>17</default>
				<description>The Pin which connects to the transmitter.</description>
			</parameter>
		</config-description>
	</thing-type>

</thing:thing-descriptions>
